Game;rating;downloads;link
3d bowling;4;598612;https://play.google.com/store/apps/details?id=com.threed.bowling
pool billiards pro;4.1;896605;https://play.google.com/store/apps/details?id=com.forthblue.pool
raging thunder2;4.3;558451;
basketball;3.5;427;https://play.google.com/store/apps/details?id=com.mationmedia.basketballfree
daddyWasAThief;4.1;207099;https://play.google.com/store/apps/details?id=com.rebeltwins.daddywasathief
crazyParkingCarKing;3.7;53170;https://play.google.com/store/apps/details?id=com.chi.CarKing
dragRacing;4.4;1924462;https://play.google.com/store/apps/details?id=com.creativemobile.DragRacing
gravity;3.4;64983;https://play.google.com/store/apps/details?id=com.warnerbros.gravity
doodleRace;3.4;5049;https://play.google.com/store/apps/details?id=com.studyhallentertainment.doodleRace
funMonsterTruck;3.7;8877;https://play.google.com/store/apps/details?id=com.lmcm.funmostertruck
mountainClimbRace2;3.6;59979;https://play.google.com/store/apps/details?id=com.awesomecargames.mountainclimbrace2
impossibleEscape;3.1;318;https://play.google.com/store/apps/details?id=com.dumadugames.impossibleescape
feedTheFrog;3.7;1272;https://play.google.com/store/apps/details?id=com.vagonetastudios.feedthefrogfree
towerBlocks;3.5;57065;
motoXtremeRace;3.9;8962;https://play.google.com/store/apps/details?id=com.motocompany.xtrememoto
stickCricket;4.4;146201;https://play.google.com/store/apps/details?id=com.sticksports.stickcricket
turboGrannies;3.9;7445;https://play.google.com/store/apps/details?id=com.imperialgamestudio.turbogrannies_lite
trafficRacer;4.4;2727175;https://play.google.com/store/apps/details?id=com.skgames.trafficracer
craigsRace;3.5;4699;https://play.google.com/store/apps/details?id=com.dlinkddns.craig
doraemonRepairShop;4.1;112492;https://play.google.com/store/apps/details?id=com.doraemon.doraemonRepairShop
carRacing;3.7;25637;https://play.google.com/store/apps/details?id=appremake.carracingfree
buttonFootball;3.6;7504;https://play.google.com/store/apps/details?id=com.sicecommentr.buttonfootball
roomEscape;3.7;1558;https://play.google.com/store/apps/details?id=air.com.mobestmedia.roomescape100
towerDefense;4.4;268781;https://play.google.com/store/apps/details?id=com.com2us.towerdefense.normal.freefull.google.global.android.common
